firstName;lastName;email;year;groupName
Meris;Besic;besicmeris@gmail.com;202122;5AHITM
Florian;Klausner;klausnerflorian@gmail.com;202122;5AHITM
Tobias;Höfler;hoeflertobias@gmail.com;202122;4AHITM
Samuel;Kowatschek;kowatscheksamuel@gmail.com;202122;5CHIF
Jan;Fischlmayr;fischijan@gmail.com;202122;5CHIF
Patrick;Huemer;huemerpatzi@gmail.com;202122;5CHIF
